{"Version":2,"SourceFileDate":133041502123050686,"Flags":["FL_BITMAP_COMPRESSION","FL_BITMAP_MIPMAP","FL_BITMAP_QUALITY_HIGH","FL_BITMAP_PRECOMPUTED_INV_AVG"],"InvAvgColor":[2.7824714183807373,3.1946442127227783,1.7566790580749512]}