{"Version":2,"SourceFileDate":133041505619377735,"Flags":["FL_BITMAP_COMPRESSION","FL_BITMAP_MIPMAP","FL_BITMAP_QUALITY_HIGH","FL_BITMAP_PRECOMPUTED_INV_AVG"],"InvAvgColor":[3.4575960636138916,4.0957870483398438,1.895548939704895]}